,Posted on,Title,Link,Neighborhood,Price
0,2021-10-09 13:25,"<a class=""result-title hdrlnk"" data-id=""7389765948"" href=""https://losangeles.craigslist.org/lac/roo/d/los-angeles-private-room-in-big-house/7389765948.html"" id=""postid_7389765948"">Private room in Big House (Utilities Included - Washer / Dryer)</a>",https://losangeles.craigslist.org/lac/roo/d/los-angeles-private-room-in-big-house/7389765948.html, (Los Angeles  near USC / DTLA central LA 213/323 ),975.0
1,2021-10-09 13:24,"<a class=""result-title hdrlnk"" data-id=""7378145510"" href=""https://losangeles.craigslist.org/sfv/apa/d/canoga-park-ready-to-find-your-new-home/7378145510.html"" id=""postid_7378145510"">Ready to find your new home? LOOK NO FURTHER! LIVE‚Ä¢AT‚Ä¢VERT</a>",https://losangeles.craigslist.org/sfv/apa/d/canoga-park-ready-to-find-your-new-home/7378145510.html, ( san fernando valley ),2355.0
2,2021-10-09 13:24,"<a class=""result-title hdrlnk"" data-id=""7386477213"" href=""https://losangeles.craigslist.org/lac/apa/d/los-angeles-bedroom-bath-remodeled/7386477213.html"" id=""postid_7386477213"">1 Bedroom, 1 Bath Remodeled Apartment (1 Parking - Central Location)</a>",https://losangeles.craigslist.org/lac/apa/d/los-angeles-bedroom-bath-remodeled/7386477213.html, (West Hollywood - Fairfax / Santa Monica Blvd central LA 213/323 ),2095.0
3,2021-10-09 13:24,"<a class=""result-title hdrlnk"" data-id=""7391906242"" href=""https://losangeles.craigslist.org/wst/reo/d/beverly-hills-new-high-rise-accepting/7391906242.html"" id=""postid_7391906242"">new high rise accepting investors, pre-lessors</a>",https://losangeles.craigslist.org/wst/reo/d/beverly-hills-new-high-rise-accepting/7391906242.html, (los angeles westside-southbay-310 ),
4,2021-10-09 13:24,"<a class=""result-title hdrlnk"" data-id=""7385433156"" href=""https://losangeles.craigslist.org/wst/apa/d/los-angeles-make-casa-granada-your-new/7385433156.html"" id=""postid_7385433156"">Make Casa Granada Your New Home Today!</a>",https://losangeles.craigslist.org/wst/apa/d/los-angeles-make-casa-granada-your-new/7385433156.html, ( westside-southbay-310 ),3400.0
5,2021-10-09 13:24,"<a class=""result-title hdrlnk"" data-id=""7390223357"" href=""https://losangeles.craigslist.org/lac/roo/d/los-angeles-male-roommate-wanted-to/7390223357.html"" id=""postid_7390223357"">Male roommate wanted To share gr8 pad in best area of  L A $750/$1270</a>",https://losangeles.craigslist.org/lac/roo/d/los-angeles-male-roommate-wanted-to/7390223357.html, (Hollywood / los Feliz central LA 213/323 ),1270.0
6,2021-10-09 13:24,"<a class=""result-title hdrlnk"" data-id=""7391909518"" href=""https://losangeles.craigslist.org/sfv/roo/d/burbank-burbank-downtown-share-room/7391909518.html"" id=""postid_7391909518"">Burbank Downtown share room</a>",https://losangeles.craigslist.org/sfv/roo/d/burbank-burbank-downtown-share-room/7391909518.html, (Burbank san fernando valley ),550.0
7,2021-10-09 13:24,"<a class=""result-title hdrlnk"" data-id=""7391901763"" href=""https://losangeles.craigslist.org/lac/apa/d/los-angeles-barbecue-picnic-area/7391901763.html"" id=""postid_7391901763"">Barbecue/ Picnic Area, Expansive Sundecks, Clubhouse</a>",https://losangeles.craigslist.org/lac/apa/d/los-angeles-barbecue-picnic-area/7391901763.html," (930 Figueroa Terrace, Los Angeles, CA central LA 213/323 )",2281.0
8,2021-10-09 13:24,"<a class=""result-title hdrlnk"" data-id=""7378499979"" href=""https://losangeles.craigslist.org/wst/reo/d/perfect-for-cannabis-privacy-wind-sun/7378499979.html"" id=""postid_7378499979"">Perfect for Cannabis - Privacy, Wind, Sun &amp; right next to the Grid</a>",https://losangeles.craigslist.org/wst/reo/d/perfect-for-cannabis-privacy-wind-sun/7378499979.html, (Rosamond westside-southbay-310 ),1200000.0
9,2021-10-09 13:24,"<a class=""result-title hdrlnk"" data-id=""7381665527"" href=""https://losangeles.craigslist.org/ant/reo/d/perfect-for-cannabis-privacy-wind-sun/7381665527.html"" id=""postid_7381665527"">Perfect for Cannabis - Privacy, Wind, Sun &amp; right next to the Grid</a>",https://losangeles.craigslist.org/ant/reo/d/perfect-for-cannabis-privacy-wind-sun/7381665527.html, (Rosamond antelope valley ),1200000.0
10,2021-10-09 13:24,"<a class=""result-title hdrlnk"" data-id=""7391909370"" href=""https://losangeles.craigslist.org/wst/apa/d/beautiful-bedroom-near-beach/7391909370.html"" id=""postid_7391909370"">Beautiful 1 Bedroom near Beach</a>",https://losangeles.craigslist.org/wst/apa/d/beautiful-bedroom-near-beach/7391909370.html, (Venice westside-southbay-310 ),2095.0
11,2021-10-09 13:23,"<a class=""result-title hdrlnk"" data-id=""7391909256"" href=""https://losangeles.craigslist.org/lgb/prk/d/long-beach-retail-sold-here-come-and/7391909256.html"" id=""postid_7391909256"">!! retail sold here!! come and check it out</a>",https://losangeles.craigslist.org/lgb/prk/d/long-beach-retail-sold-here-come-and/7391909256.html, (long beach long beach / 562 ),0.0
12,2021-10-09 13:23,"<a class=""result-title hdrlnk"" data-id=""7391906810"" href=""https://losangeles.craigslist.org/wst/roo/d/santa-monica-fully-furnished-bedroom/7391906810.html"" id=""postid_7391906810"">Fully Furnished Bedroom with Balcony View ~ Short or Long Term</a>",https://losangeles.craigslist.org/wst/roo/d/santa-monica-fully-furnished-bedroom/7391906810.html, (Santa Monica westside-southbay-310 ),750.0
13,2021-10-09 13:23,"<a class=""result-title hdrlnk"" data-id=""7391902920"" href=""https://losangeles.craigslist.org/ant/apa/d/canyon-country-linen-and-coat-closets/7391902920.html"" id=""postid_7391902920"">Linen and Coat Closets, Extra Storage Room, Air Conditioning</a>",https://losangeles.craigslist.org/ant/apa/d/canyon-country-linen-and-coat-closets/7391902920.html," (28856 N. Silver Saddle Cr., Los Angeles, CA antelope valley )",1999.0
14,2021-10-09 13:23,"<a class=""result-title hdrlnk"" data-id=""7391909094"" href=""https://losangeles.craigslist.org/lgb/prk/d/long-beach-afforable-storages-call-us/7391909094.html"" id=""postid_7391909094"">!!Afforable storages!! call us for more info</a>",https://losangeles.craigslist.org/lgb/prk/d/long-beach-afforable-storages-call-us/7391909094.html, (long beach long beach / 562 ),0.0
15,2021-10-09 13:23,"<a class=""result-title hdrlnk"" data-id=""7391908982"" href=""https://losangeles.craigslist.org/lgb/prk/d/long-beach-truck-rental/7391908982.html"" id=""postid_7391908982"">Truck rental-!!</a>",https://losangeles.craigslist.org/lgb/prk/d/long-beach-truck-rental/7391908982.html, (Long Beach long beach / 562 ),0.0
16,2021-10-09 13:23,"<a class=""result-title hdrlnk"" data-id=""7391905049"" href=""https://losangeles.craigslist.org/wst/prk/d/torrance-month-to-month-rentals-735/7391905049.html"" id=""postid_7391905049"">Month to Month Rentals! [735 W Carson street] ‚Äì US Storage Centers</a>",https://losangeles.craigslist.org/wst/prk/d/torrance-month-to-month-rentals-735/7391905049.html, (Torrance westside-southbay-310 ),0.0
17,2021-10-09 13:23,"<a class=""result-title hdrlnk"" data-id=""7381169385"" href=""https://losangeles.craigslist.org/sfv/apa/d/northridge-walking-distance-to-csun/7381169385.html"" id=""postid_7381169385"">Walking Distance to CSUN, Efficient Appliances, Courtyard</a>",https://losangeles.craigslist.org/sfv/apa/d/northridge-walking-distance-to-csun/7381169385.html, ( san fernando valley ),1625.0
18,2021-10-09 13:22,"<a class=""result-title hdrlnk"" data-id=""7391880071"" href=""https://losangeles.craigslist.org/wst/apa/d/palos-verdes-peninsula-spacious-bedroom/7391880071.html"" id=""postid_7391880071"">Spacious 2 bedroom with City Views!</a>",https://losangeles.craigslist.org/wst/apa/d/palos-verdes-peninsula-spacious-bedroom/7391880071.html, (Rancho Palos Verdes westside-southbay-310 ),3642.0
19,2021-10-09 13:22,"<a class=""result-title hdrlnk"" data-id=""7391908521"" href=""https://losangeles.craigslist.org/lac/apa/d/venice-beautiful-bedroom-near-venice/7391908521.html"" id=""postid_7391908521"">Beautiful 1 Bedroom near Venice Beach</a>",https://losangeles.craigslist.org/lac/apa/d/venice-beautiful-bedroom-near-venice/7391908521.html, (Venice Beach central LA 213/323 ),2095.0
20,2021-10-09 13:22,"<a class=""result-title hdrlnk"" data-id=""7384259184"" href=""https://losangeles.craigslist.org/lac/apa/d/los-angeles-renovated-one-bedroom/7384259184.html"" id=""postid_7384259184"">RENOVATED ONE BEDROOM APARTMENTS AVAILABLE NOW! AMENITIES ON-SITE!</a>",https://losangeles.craigslist.org/lac/apa/d/los-angeles-renovated-one-bedroom/7384259184.html," (5351 San Vicente Boulevard, Los Angeles, CA central LA 213/323 )",2250.0
21,2021-10-09 13:22,"<a class=""result-title hdrlnk"" data-id=""7391908424"" href=""https://losangeles.craigslist.org/wst/apa/d/carson-bedroom-bath-stylish-interior/7391908424.html"" id=""postid_7391908424"">1 Bedroom 1 Bath Stylish Interior Come tour Now!</a>",https://losangeles.craigslist.org/wst/apa/d/carson-bedroom-bath-stylish-interior/7391908424.html, (Carson westside-southbay-310 ),2319.0
22,2021-10-09 13:21,"<a class=""result-title hdrlnk"" data-id=""7391905888"" href=""https://losangeles.craigslist.org/lac/apa/d/los-angeles-berber-carpeting-crown/7391905888.html"" id=""postid_7391905888"">Berber Carpeting, Crown Molding, Outdoor Putting Green</a>",https://losangeles.craigslist.org/lac/apa/d/los-angeles-berber-carpeting-crown/7391905888.html," (550 N. Figueroa st., Los Angeles, CA central LA 213/323 )",2750.0
23,2021-10-09 13:21,"<a class=""result-title hdrlnk"" data-id=""7386736045"" href=""https://losangeles.craigslist.org/wst/apa/d/santa-monica-controlled-access/7386736045.html"" id=""postid_7386736045"">Controlled Access, Emergency Maintenance, Washbox Dry Cleaning Service</a>",https://losangeles.craigslist.org/wst/apa/d/santa-monica-controlled-access/7386736045.html, ( westside-southbay-310 ),2318.0
24,2021-10-09 13:21,"<a class=""result-title hdrlnk"" data-id=""7391908220"" href=""https://losangeles.craigslist.org/wst/apa/d/los-angeles-stunning-rare-large-bed/7391908220.html"" id=""postid_7391908220"">STUNNING &amp; RARE Large 1 bed 1 bath !</a>",https://losangeles.craigslist.org/wst/apa/d/los-angeles-stunning-rare-large-bed/7391908220.html, (1920 sawtelle blvd westside-southbay-310 ),2650.0
25,2021-10-09 13:21,"<a class=""result-title hdrlnk"" data-id=""7391877898"" href=""https://losangeles.craigslist.org/lgb/apa/d/long-beach-walk-to-the-lbc-metro/7391877898.html"" id=""postid_7391877898"">-Walk to the LBC Metro, shopping &amp; dining!</a>",https://losangeles.craigslist.org/lgb/apa/d/long-beach-walk-to-the-lbc-metro/7391877898.html, (Downtown Long Beach long beach / 562 ),2384.0
26,2021-10-09 13:21,"<a class=""result-title hdrlnk"" data-id=""7391908170"" href=""https://losangeles.craigslist.org/wst/sub/d/santa-monica-fully-furnished-bedroom/7391908170.html"" id=""postid_7391908170"">Fully Furnished Bedroom with Balcony View ~ Short or Long Term</a>",https://losangeles.craigslist.org/wst/sub/d/santa-monica-fully-furnished-bedroom/7391908170.html, (Santa Monica westside-southbay-310 ),750.0
27,2021-10-09 13:21,"<a class=""result-title hdrlnk"" data-id=""7391887626"" href=""https://losangeles.craigslist.org/wst/prk/d/harbor-city-right-now-special-50off-all/7391887626.html"" id=""postid_7391887626"">RIGHT NOW !!! SPECIAL 50%OFF ALL SIZE UNITS @ US Storage Centers 253RD</a>",https://losangeles.craigslist.org/wst/prk/d/harbor-city-right-now-special-50off-all/7391887626.html, (Harbor City westside-southbay-310 ),0.0
28,2021-10-09 13:20,"<a class=""result-title hdrlnk"" data-id=""7388160272"" href=""https://losangeles.craigslist.org/lac/apa/d/los-angeles-outdoor-putting-green/7388160272.html"" id=""postid_7388160272"">Outdoor Putting Green, Granite Countertops, Dishwasher</a>",https://losangeles.craigslist.org/lac/apa/d/los-angeles-outdoor-putting-green/7388160272.html," (550 N. Figueroa st., Los Angeles, CA central LA 213/323 )",2281.0
29,2021-10-09 13:20,"<a class=""result-title hdrlnk"" data-id=""7391882185"" href=""https://losangeles.craigslist.org/lac/apa/d/los-angeles-spacious-studio-with/7391882185.html"" id=""postid_7391882185"">Spacious Studio with Natural Light &amp; Huge Balcony!</a>",https://losangeles.craigslist.org/lac/apa/d/los-angeles-spacious-studio-with/7391882185.html, (South Park central LA 213/323 ),2400.0
30,2021-10-09 13:20,"<a class=""result-title hdrlnk"" data-id=""7391907461"" href=""https://losangeles.craigslist.org/wst/apa/d/los-angeles-sunny-bright-2bed-2bath-all/7391907461.html"" id=""postid_7391907461"">Sunny bright 2bed 2bath, ALL Hardwood Floors! Pets OK!</a>",https://losangeles.craigslist.org/wst/apa/d/los-angeles-sunny-bright-2bed-2bath-all/7391907461.html, (1920 sawtelle blvd westside-southbay-310 ),3395.0
31,2021-10-09 13:20,"<a class=""result-title hdrlnk"" data-id=""7382391270"" href=""https://losangeles.craigslist.org/sgv/reb/d/arcadia-quick-closing-hard-money-loans/7382391270.html"" id=""postid_7382391270"">Quick Closing Hard Money Loans</a>",https://losangeles.craigslist.org/sgv/reb/d/arcadia-quick-closing-hard-money-loans/7382391270.html, ( san gabriel valley ),
32,2021-10-09 13:19,"<a class=""result-title hdrlnk"" data-id=""7391901026"" href=""https://losangeles.craigslist.org/lac/apa/d/los-angeles-den-study-automatic/7391901026.html"" id=""postid_7391901026"">Den/Study, Automatic Dishwasher, Closet Organizers</a>",https://losangeles.craigslist.org/lac/apa/d/los-angeles-den-study-automatic/7391901026.html," (616 St. Paul Ave., Los Angeles, CA central LA 213/323 )",2326.0
33,2021-10-09 13:19,"<a class=""result-title hdrlnk"" data-id=""7391901571"" href=""https://losangeles.craigslist.org/lac/apa/d/los-angeles-lounge-close-to-public/7391901571.html"" id=""postid_7391901571"">Lounge, Close to Public Transportation, Concierge, Covered Parking</a>",https://losangeles.craigslist.org/lac/apa/d/los-angeles-lounge-close-to-public/7391901571.html, ( central LA 213/323 ),11140.0
34,2021-10-09 13:19,"<a class=""result-title hdrlnk"" data-id=""7383772347"" href=""https://losangeles.craigslist.org/sgv/reb/d/arcadia-quick-closing-hard-money-loans/7383772347.html"" id=""postid_7383772347"">Quick Closing Hard Money Loans</a>",https://losangeles.craigslist.org/sgv/reb/d/arcadia-quick-closing-hard-money-loans/7383772347.html, ( san gabriel valley ),
35,2021-10-09 13:19,"<a class=""result-title hdrlnk"" data-id=""7390157645"" href=""https://losangeles.craigslist.org/ant/reo/d/california-city-mobile-home-land-for/7390157645.html"" id=""postid_7390157645"">MOBILE HOME LAND FOR SALE. ALL UTILITIES PRESENT. NO SPACE RENT</a>",https://losangeles.craigslist.org/ant/reo/d/california-city-mobile-home-land-for/7390157645.html, (California City antelope valley ),12000.0
36,2021-10-09 13:19,"<a class=""result-title hdrlnk"" data-id=""7385068985"" href=""https://losangeles.craigslist.org/ant/reb/d/lancaster-house-for-sale-bed-bath-with/7385068985.html"" id=""postid_7385068985"">House for sale 5 Bed, 4 Bath with ADU/ Guest House in Rosamond</a>",https://losangeles.craigslist.org/ant/reb/d/lancaster-house-for-sale-bed-bath-with/7385068985.html, (California City Mojave Antelope Valley Lancaster Palmdale antelope valley ),385000.0
37,2021-10-09 13:19,"<a class=""result-title hdrlnk"" data-id=""7385639712"" href=""https://losangeles.craigslist.org/ant/reo/d/lancaster-beautiful-house-for-sale-in/7385639712.html"" id=""postid_7385639712"">Beautiful House for Sale in Rosamond on Quite Street, Large Lot</a>",https://losangeles.craigslist.org/ant/reo/d/lancaster-beautiful-house-for-sale-in/7385639712.html, (California City Mojave Antelope Valley Lancaster Palmdale antelope valley ),265000.0
38,2021-10-09 13:19,"<a class=""result-title hdrlnk"" data-id=""7390020797"" href=""https://losangeles.craigslist.org/wst/apa/d/los-angeles-all-classic-bedrooms/7390020797.html"" id=""postid_7390020797"">ALL CLASSIC 1 Bedrooms w/ fitness center, 3 pools, spa, and more!</a>",https://losangeles.craigslist.org/wst/apa/d/los-angeles-all-classic-bedrooms/7390020797.html," (6300 Green Valley Circle, Culver City, CA westside-southbay-310 )",2456.0
39,2021-10-09 13:19,"<a class=""result-title hdrlnk"" data-id=""7391897998"" href=""https://losangeles.craigslist.org/sfv/apa/d/pasadena-apply-today-and-take-advantage/7391897998.html"" id=""postid_7391897998"">Apply Today and Take Advantage of Huge Savings!</a>",https://losangeles.craigslist.org/sfv/apa/d/pasadena-apply-today-and-take-advantage/7391897998.html, (Pasadena san fernando valley ),2795.0
40,2021-10-09 13:19,"<a class=""result-title hdrlnk"" data-id=""7390983392"" href=""https://losangeles.craigslist.org/wst/apa/d/west-hollywood-your-oasis-awaits-koi/7390983392.html"" id=""postid_7390983392"">Your OASIS awaits, Koi pond view! 24Hr Gym/heated pool/laundry onsite!</a>",https://losangeles.craigslist.org/wst/apa/d/west-hollywood-your-oasis-awaits-koi/7390983392.html," (840 Larrabee Street, West Hollywood, CA westside-southbay-310 )",2799.0
41,2021-10-09 13:18,"<a class=""result-title hdrlnk"" data-id=""7388632480"" href=""https://losangeles.craigslist.org/ant/apa/d/canyon-country-cable-ready-dishwasher/7388632480.html"" id=""postid_7388632480"">Cable Ready, Dishwasher, Color Co-ordinated Carpet and Blinds</a>",https://losangeles.craigslist.org/ant/apa/d/canyon-country-cable-ready-dishwasher/7388632480.html, ( antelope valley ),3410.0
42,2021-10-09 13:18,"<a class=""result-title hdrlnk"" data-id=""7391906721"" href=""https://losangeles.craigslist.org/sfv/apa/d/northridge-beautiful-apartment-includes/7391906721.html"" id=""postid_7391906721"">Beautiful Apartment, Includes Washer/Dryer and Appliance Package</a>",https://losangeles.craigslist.org/sfv/apa/d/northridge-beautiful-apartment-includes/7391906721.html," (Northridge, CA san fernando valley )",2069.0
43,2021-10-09 13:18,"<a class=""result-title hdrlnk"" data-id=""7391906723"" href=""https://losangeles.craigslist.org/wst/apa/d/carson-home-you-will-fall-in-love-with/7391906723.html"" id=""postid_7391906723"">A Home You Will FALL in Love With!</a>",https://losangeles.craigslist.org/wst/apa/d/carson-home-you-will-fall-in-love-with/7391906723.html, ( westside-southbay-310 ),2875.0
44,2021-10-09 13:17,"<a class=""result-title hdrlnk"" data-id=""7391906021"" href=""https://losangeles.craigslist.org/lac/apa/d/los-angeles-gorgeous-bedroom-bath/7391906021.html"" id=""postid_7391906021"">Gorgeous 2 Bedroom 2 Bath Apartment</a>",https://losangeles.craigslist.org/lac/apa/d/los-angeles-gorgeous-bedroom-bath/7391906021.html, (Beverly Hills central LA 213/323 ),3895.0
45,2021-10-09 13:17,"<a class=""result-title hdrlnk"" data-id=""7380386451"" href=""https://losangeles.craigslist.org/lac/apa/d/los-angeles-bed-dual-master-bedrooms/7380386451.html"" id=""postid_7380386451"">2 Bed - Dual Master Bedrooms, Walk-in Closets &amp; Washer/Dryer!</a>",https://losangeles.craigslist.org/lac/apa/d/los-angeles-bed-dual-master-bedrooms/7380386451.html," (909 W. Temple St., Los Angeles, CA central LA 213/323 )",3210.0
46,2021-10-09 13:16,"<a class=""result-title hdrlnk"" data-id=""7391905916"" href=""https://losangeles.craigslist.org/sfv/apa/d/north-hollywood-best-kept-secret-great/7391905916.html"" id=""postid_7391905916"">Best Kept Secret! Great Price On This Spacious Wonderful 1 bedroom</a>",https://losangeles.craigslist.org/sfv/apa/d/north-hollywood-best-kept-secret-great/7391905916.html, (Studio City san fernando valley ),2095.0
47,2021-10-09 13:16,"<a class=""result-title hdrlnk"" data-id=""7391905905"" href=""https://losangeles.craigslist.org/lac/apa/d/los-angeles-2b2b-prime-location/7391905905.html"" id=""postid_7391905905"">2B2B Prime Location &amp; Recently Renovated.</a>",https://losangeles.craigslist.org/lac/apa/d/los-angeles-2b2b-prime-location/7391905905.html, (Hollywood central LA 213/323 ),2873.0
48,2021-10-09 13:16,"<a class=""result-title hdrlnk"" data-id=""7390964548"" href=""https://losangeles.craigslist.org/lac/apa/d/los-angeles-patio-balcony-fire-pit-area/7390964548.html"" id=""postid_7390964548"">Patio/Balcony, Fire Pit Area, Recycling</a>",https://losangeles.craigslist.org/lac/apa/d/los-angeles-patio-balcony-fire-pit-area/7390964548.html, ( central LA 213/323 ),2615.0
49,2021-10-09 13:16,"<a class=""result-title hdrlnk"" data-id=""7390919150"" href=""https://losangeles.craigslist.org/wst/apa/d/santa-monica-rooftop-resident-deck/7390919150.html"" id=""postid_7390919150"">Rooftop Resident Deck, Spacious Bathroom Spaces, Cable/Internet Ready</a>",https://losangeles.craigslist.org/wst/apa/d/santa-monica-rooftop-resident-deck/7390919150.html," (1410 5th Street, Santa Monica, CA westside-southbay-310 )",4499.0
50,2021-10-09 13:16,"<a class=""result-title hdrlnk"" data-id=""7391874174"" href=""https://losangeles.craigslist.org/sfv/roo/d/los-angeles-nice-home-for-female/7391874174.html"" id=""postid_7391874174"">Nice home for female companion.  Fresh start</a>",https://losangeles.craigslist.org/sfv/roo/d/los-angeles-nice-home-for-female/7391874174.html, (Los Angeles san fernando valley ),
51,2021-10-09 13:16,"<a class=""result-title hdrlnk"" data-id=""7388333746"" href=""https://losangeles.craigslist.org/sfv/apa/d/north-hollywood-handicap-accessible/7388333746.html"" id=""postid_7388333746"">Handicap Accessible, DirecTV available, Gated access</a>",https://losangeles.craigslist.org/sfv/apa/d/north-hollywood-handicap-accessible/7388333746.html, ( san fernando valley ),2809.0
52,2021-10-09 13:16,"<a class=""result-title hdrlnk"" data-id=""7390004483"" href=""https://losangeles.craigslist.org/sfv/apa/d/woodland-hills-great-living-is-just/7390004483.html"" id=""postid_7390004483"">Great Living Is Just Around The Corner!!  Lovely 3rd Floor 2+2</a>",https://losangeles.craigslist.org/sfv/apa/d/woodland-hills-great-living-is-just/7390004483.html, (Woodland Hills san fernando valley ),2580.0
53,2021-10-09 13:15,"<a class=""result-title hdrlnk"" data-id=""7391905431"" href=""https://losangeles.craigslist.org/wst/apa/d/los-angeles-gray-quartz-countertops/7391905431.html"" id=""postid_7391905431"">Gray Quartz Countertops, Tennis Court, Stainless Steel Appliances</a>",https://losangeles.craigslist.org/wst/apa/d/los-angeles-gray-quartz-countertops/7391905431.html, (Los Angeles westside-southbay-310 ),2562.0
54,2021-10-09 13:15,"<a class=""result-title hdrlnk"" data-id=""7391905423"" href=""https://losangeles.craigslist.org/lac/apa/d/glendale-steps-to-public-transportation/7391905423.html"" id=""postid_7391905423"">Steps to public transportation, Air conditioning, Vaulted ceilings</a>",https://losangeles.craigslist.org/lac/apa/d/glendale-steps-to-public-transportation/7391905423.html," (3205 Los Feliz Boulevard, Los Angeles, CA central LA 213/323 )",1962.0
55,2021-10-09 13:15,"<a class=""result-title hdrlnk"" data-id=""7386738154"" href=""https://losangeles.craigslist.org/sfv/apa/d/northridge-enhance-your-lifecommunity/7386738154.html"" id=""postid_7386738154"">Enhance Your LifeCommunity Perks, Convenience, Apartment Amenities</a>",https://losangeles.craigslist.org/sfv/apa/d/northridge-enhance-your-lifecommunity/7386738154.html," (17171 West Roscoe Boulevard, Los Angeles, CA san fernando valley )",1755.0
56,2021-10-09 13:15,"<a class=""result-title hdrlnk"" data-id=""7391905333"" href=""https://losangeles.craigslist.org/wst/apa/d/los-angeles-fully-renovated-bedroom-by/7391905333.html"" id=""postid_7391905333"">Fully renovated 1 bedroom by LAX - **APPLY TODAY**</a>",https://losangeles.craigslist.org/wst/apa/d/los-angeles-fully-renovated-bedroom-by/7391905333.html," (Westchester, LAX, Culver City, Los Angeles, Playa Vista westside-southbay-310 )",2390.0
57,2021-10-09 13:15,"<a class=""result-title hdrlnk"" data-id=""7391898669"" href=""https://losangeles.craigslist.org/wst/prk/d/check-out-our-great-move-in-specials/7391898669.html"" id=""postid_7391898669"">Check Out Our Great Move-In Specials!!!</a>",https://losangeles.craigslist.org/wst/prk/d/check-out-our-great-move-in-specials/7391898669.html," (Hawthorne,South Bay,Manhattan Beach westside-southbay-310 )",0.0
58,2021-10-09 13:15,"<a class=""result-title hdrlnk"" data-id=""7391905144"" href=""https://losangeles.craigslist.org/wst/prk/d/torrance-free-move-in-truck-use-with/7391905144.html"" id=""postid_7391905144"">Free Move-in Truck Use with New Rentals(Select size units)</a>",https://losangeles.craigslist.org/wst/prk/d/torrance-free-move-in-truck-use-with/7391905144.html, (Torrance westside-southbay-310 ),0.0
59,2021-10-09 13:15,"<a class=""result-title hdrlnk"" data-id=""7389940532"" href=""https://losangeles.craigslist.org/sfv/apa/d/north-hollywood-wake-up-in-your-new-home/7389940532.html"" id=""postid_7389940532"">Wake Up In Your New Home</a>",https://losangeles.craigslist.org/sfv/apa/d/north-hollywood-wake-up-in-your-new-home/7389940532.html, ( san fernando valley ),3125.0
60,2021-10-09 13:14,"<a class=""result-title hdrlnk"" data-id=""7385277663"" href=""https://losangeles.craigslist.org/sgv/apa/d/monterey-park-special-monterey-park-bed/7385277663.html"" id=""postid_7385277663"">SPECIAL MONTEREY PARK 4 BED- 4 BATH HOME</a>",https://losangeles.craigslist.org/sgv/apa/d/monterey-park-special-monterey-park-bed/7385277663.html, (Monterey Park san gabriel valley ),2800.0
61,2021-10-09 13:14,"<a class=""result-title hdrlnk"" data-id=""7391904941"" href=""https://losangeles.craigslist.org/wst/prk/d/torrance-call-to-reserve-unit-today/7391904941.html"" id=""postid_7391904941"">Call to Reserve A Unit Today! Best Deals in Town!</a>",https://losangeles.craigslist.org/wst/prk/d/torrance-call-to-reserve-unit-today/7391904941.html, (Torrance westside-southbay-310 ),0.0
62,2021-10-09 13:14,"<a class=""result-title hdrlnk"" data-id=""7390037539"" href=""https://losangeles.craigslist.org/sgv/apa/d/alhambra-condo-apartment-one-room-for/7390037539.html"" id=""postid_7390037539"">A condo apartment one room for rent private bedroom share bathroom</a>",https://losangeles.craigslist.org/sgv/apa/d/alhambra-condo-apartment-one-room-for/7390037539.html, (alhambra san gabriel valley ),850.0
63,2021-10-09 13:14,"<a class=""result-title hdrlnk"" data-id=""7391885860"" href=""https://losangeles.craigslist.org/wst/apa/d/marina-del-rey-month-free-on-us-move-in/7391885860.html"" id=""postid_7391885860"">1 Month Free on Us! Move in Ready, In Home Washer, Parking Included</a>",https://losangeles.craigslist.org/wst/apa/d/marina-del-rey-month-free-on-us-move-in/7391885860.html, (Marina Del Rey westside-southbay-310 ),5370.0
64,2021-10-09 13:14,"<a class=""result-title hdrlnk"" data-id=""7390659040"" href=""https://losangeles.craigslist.org/wst/roo/d/topanga-topanga-mountain-sanctuary/7390659040.html"" id=""postid_7390659040"">Topanga Mountain Sanctuary</a>",https://losangeles.craigslist.org/wst/roo/d/topanga-topanga-mountain-sanctuary/7390659040.html, (TOPANGA westside-southbay-310 ),1800.0
65,2021-10-09 13:13,"<a class=""result-title hdrlnk"" data-id=""7391888555"" href=""https://losangeles.craigslist.org/sgv/roo/d/rosemead-modern-room-rosemead-move-in/7391888555.html"" id=""postid_7391888555"">-&gt;&gt;‚ù∂ Modern Room! Rosemead - Move in Today</a>",https://losangeles.craigslist.org/sgv/roo/d/rosemead-modern-room-rosemead-move-in/7391888555.html, (Rosemead/San Gabriel san gabriel valley ),795.0
66,2021-10-09 13:13,"<a class=""result-title hdrlnk"" data-id=""7391897386"" href=""https://losangeles.craigslist.org/sfv/apa/d/north-hollywood-studio-apartment/7391897386.html"" id=""postid_7391897386"">Studio Apartment Located in North Hollywood</a>",https://losangeles.craigslist.org/sfv/apa/d/north-hollywood-studio-apartment/7391897386.html, (Laundry On Site san fernando valley ),1596.0
67,2021-10-09 13:13,"<a class=""result-title hdrlnk"" data-id=""7391873428"" href=""https://losangeles.craigslist.org/ant/apa/d/lancaster-online-rental-payments/7391873428.html"" id=""postid_7391873428"">Online Rental Payments, Dishwasher, Garages Available</a>",https://losangeles.craigslist.org/ant/apa/d/lancaster-online-rental-payments/7391873428.html," (43519 Kirkland Avenue, Lancaster, CA antelope valley )",2444.0
68,2021-10-09 13:13,"<a class=""result-title hdrlnk"" data-id=""7387672647"" href=""https://losangeles.craigslist.org/wst/apa/d/lawndale-spacious-immaculate-walk-to/7387672647.html"" id=""postid_7387672647"">Spacious, Immaculate, Walk to Northrop, Free Utilites</a>",https://losangeles.craigslist.org/wst/apa/d/lawndale-spacious-immaculate-walk-to/7387672647.html, (West Lawndale westside-southbay-310 ),1700.0
69,2021-10-09 13:13,"<a class=""result-title hdrlnk"" data-id=""7383551847"" href=""https://losangeles.craigslist.org/lac/apa/d/los-angeles-you-deserve-more-call-to/7383551847.html"" id=""postid_7383551847"">You deserve more! Call to schedule your tour today!</a>",https://losangeles.craigslist.org/lac/apa/d/los-angeles-you-deserve-more-call-to/7383551847.html," (1221 W. 3rd St. , Los Angeles, CA central LA 213/323 )",2805.0
70,2021-10-09 13:13,"<a class=""result-title hdrlnk"" data-id=""7391896509"" href=""https://losangeles.craigslist.org/wst/apa/d/marina-del-rey-come-see-our-unique/7391896509.html"" id=""postid_7391896509"">Come See Our Unique 1 Bedroom With Large Patio</a>",https://losangeles.craigslist.org/wst/apa/d/marina-del-rey-come-see-our-unique/7391896509.html," (MARINA DEL REY, CA westside-southbay-310 )",2831.0
71,2021-10-09 13:13,"<a class=""result-title hdrlnk"" data-id=""7391884632"" href=""https://losangeles.craigslist.org/sfv/prk/d/best-facilitybest-deals/7391884632.html"" id=""postid_7391884632"">Best Facility....Best Deals!!!</a>",https://losangeles.craigslist.org/sfv/prk/d/best-facilitybest-deals/7391884632.html, (Van Nuys san fernando valley ),0.0
72,2021-10-09 13:12,"<a class=""result-title hdrlnk"" data-id=""7384631819"" href=""https://losangeles.craigslist.org/sfv/apa/d/canoga-park-lush-courtyards-with/7384631819.html"" id=""postid_7384631819"">Lush Courtyards with Trickling Fountains, Nest Thermostat E, Elevator</a>",https://losangeles.craigslist.org/sfv/apa/d/canoga-park-lush-courtyards-with/7384631819.html, ( san fernando valley ),2845.0
73,2021-10-09 13:12,"<a class=""result-title hdrlnk"" data-id=""7391886009"" href=""https://losangeles.craigslist.org/sfv/apa/d/valencia-22-townhome-single-story/7391886009.html"" id=""postid_7391886009"">2+2 Townhome, Single Story, Upgraded Appliances, Attached Garage</a>",https://losangeles.craigslist.org/sfv/apa/d/valencia-22-townhome-single-story/7391886009.html, ( san fernando valley ),3400.0
74,2021-10-09 13:12,"<a class=""result-title hdrlnk"" data-id=""7378812688"" href=""https://losangeles.craigslist.org/lac/apa/d/los-angeles-new-luxury-apartment/7378812688.html"" id=""postid_7378812688"">NEW Luxury Apartment Offering Furnished Private Room</a>",https://losangeles.craigslist.org/lac/apa/d/los-angeles-new-luxury-apartment/7378812688.html, (Los Angeles central LA 213/323 ),1250.0
75,2021-10-09 13:12,"<a class=""result-title hdrlnk"" data-id=""7390965829"" href=""https://losangeles.craigslist.org/sfv/apa/d/canoga-park-bd-in-home-washers-and/7390965829.html"" id=""postid_7390965829"">1 BD, In-Home Washers and Dryers, 24-Hour Fit, Pool View</a>",https://losangeles.craigslist.org/sfv/apa/d/canoga-park-bd-in-home-washers-and/7390965829.html, (Woodland Hills san fernando valley ),2298.0
76,2021-10-09 13:12,"<a class=""result-title hdrlnk"" data-id=""7389614173"" href=""https://losangeles.craigslist.org/ant/apa/d/lancaster-2x25-townhome-newly-renovated/7389614173.html"" id=""postid_7389614173"">2x2.5 Townhome-NEWLY RENOVATED - ALL APPLIANCES INCLUDED, 2 Car Garage</a>",https://losangeles.craigslist.org/ant/apa/d/lancaster-2x25-townhome-newly-renovated/7389614173.html," (Lancaster, CA antelope valley )",2414.0
77,2021-10-09 13:12,"<a class=""result-title hdrlnk"" data-id=""7391885753"" href=""https://losangeles.craigslist.org/sfv/prk/d/best-facilitybest-deals/7391885753.html"" id=""postid_7391885753"">Best Facility....Best Deals!!!</a>",https://losangeles.craigslist.org/sfv/prk/d/best-facilitybest-deals/7391885753.html, (Van Nuys san fernando valley ),0.0
78,2021-10-09 13:11,"<a class=""result-title hdrlnk"" data-id=""7391903264"" href=""https://losangeles.craigslist.org/ant/roo/d/lancaster-large-master-bedroom-for-rent/7391903264.html"" id=""postid_7391903264"">Large Master Bedroom for Rent</a>",https://losangeles.craigslist.org/ant/roo/d/lancaster-large-master-bedroom-for-rent/7391903264.html, (Lancaster antelope valley ),
79,2021-10-09 13:11,"<a class=""result-title hdrlnk"" data-id=""7378584923"" href=""https://losangeles.craigslist.org/lac/apa/d/los-angeles-we-have-only-master-bed/7378584923.html"" id=""postid_7378584923"">WE HAVE ONLY MASTER BED WITH MASTER BATH FOR $1600</a>",https://losangeles.craigslist.org/lac/apa/d/los-angeles-we-have-only-master-bed/7378584923.html, (los angeles central LA 213/323 ),1600.0
80,2021-10-09 13:11,"<a class=""result-title hdrlnk"" data-id=""7378691251"" href=""https://losangeles.craigslist.org/lac/apa/d/los-angeles-we-have-only-master-bed/7378691251.html"" id=""postid_7378691251"">WE HAVE ONLY MASTER BED WITH MASTER BATH FOR $1600</a>",https://losangeles.craigslist.org/lac/apa/d/los-angeles-we-have-only-master-bed/7378691251.html, (los angeles central LA 213/323 ),1600.0
81,2021-10-09 13:11,"<a class=""result-title hdrlnk"" data-id=""7391891010"" href=""https://losangeles.craigslist.org/lac/roo/d/los-angeles-female-needed-for-divided/7391891010.html"" id=""postid_7391891010"">Female needed for divided room share with female</a>",https://losangeles.craigslist.org/lac/roo/d/los-angeles-female-needed-for-divided/7391891010.html, (Los Feliz central LA 213/323 ),550.0
82,2021-10-09 13:11,"<a class=""result-title hdrlnk"" data-id=""7391900497"" href=""https://losangeles.craigslist.org/sgv/roo/d/private-single-room-rent-in-alhambra/7391900497.html"" id=""postid_7391900497"">Private Single Room 4 Rent in Alhambra near USC/CSULA</a>",https://losangeles.craigslist.org/sgv/roo/d/private-single-room-rent-in-alhambra/7391900497.html, (Alhambra san gabriel valley ),625.0
83,2021-10-09 13:10,"<a class=""result-title hdrlnk"" data-id=""7391903101"" href=""https://losangeles.craigslist.org/sfv/apa/d/northridge-spectacular-apartment-great/7391903101.html"" id=""postid_7391903101"">Spectacular Apartment, Great Views, Wood plank Flooring Throughout</a>",https://losangeles.craigslist.org/sfv/apa/d/northridge-spectacular-apartment-great/7391903101.html," (Northridge, CA san fernando valley )",2149.0
84,2021-10-09 13:10,"<a class=""result-title hdrlnk"" data-id=""7391902983"" href=""https://losangeles.craigslist.org/sgv/apa/d/pomona-coming-soon/7391902983.html"" id=""postid_7391902983"">!!! COMING SOON !!!</a>",https://losangeles.craigslist.org/sgv/apa/d/pomona-coming-soon/7391902983.html, (Claremont san gabriel valley ),2925.0
85,2021-10-09 13:10,"<a class=""result-title hdrlnk"" data-id=""7391897691"" href=""https://losangeles.craigslist.org/lac/apa/d/los-angeles-safer-at-home-lease-online/7391897691.html"" id=""postid_7391897691"">Safer at Home- Lease Online!</a>",https://losangeles.craigslist.org/lac/apa/d/los-angeles-safer-at-home-lease-online/7391897691.html, (Los Angeles central LA 213/323 ),1650.0
86,2021-10-09 13:10,"<a class=""result-title hdrlnk"" data-id=""7391902902"" href=""https://losangeles.craigslist.org/sfv/apa/d/stevenson-ranch-leaf-it-to-us-perfect/7391902902.html"" id=""postid_7391902902"">Leaf It To Us! üçÅ Perfect 1x1 w/ Attached Garage Available NOW!</a>",https://losangeles.craigslist.org/sfv/apa/d/stevenson-ranch-leaf-it-to-us-perfect/7391902902.html," (Westridge, Valencia, Santa Clarita san fernando valley )",2531.0
87,2021-10-09 13:10,"<a class=""result-title hdrlnk"" data-id=""7391845140"" href=""https://losangeles.craigslist.org/ant/apa/d/lancaster-energy-efficient-appliances/7391845140.html"" id=""postid_7391845140"">Energy-Efficient Appliances, Onsite Management, Online Rental Payments</a>",https://losangeles.craigslist.org/ant/apa/d/lancaster-energy-efficient-appliances/7391845140.html," (43519 Kirkland Avenue, Lancaster, CA antelope valley )",2469.0
88,2021-10-09 13:10,"<a class=""result-title hdrlnk"" data-id=""7391897042"" href=""https://losangeles.craigslist.org/wst/apa/d/marina-del-rey-must-see-bedroom/7391897042.html"" id=""postid_7391897042"">A Must See 2 Bedroom Apartment Facing The Pool</a>",https://losangeles.craigslist.org/wst/apa/d/marina-del-rey-must-see-bedroom/7391897042.html, (Marina Del Rey westside-southbay-310 ),3612.0
89,2021-10-09 13:10,"<a class=""result-title hdrlnk"" data-id=""7390965003"" href=""https://losangeles.craigslist.org/sfv/apa/d/sherman-oaks-equipped-for-high-speed/7390965003.html"" id=""postid_7390965003"">Equipped for High Speed Internet, Parcel Lockers , Elevator</a>",https://losangeles.craigslist.org/sfv/apa/d/sherman-oaks-equipped-for-high-speed/7390965003.html," (4470 Woodman Avenue, Sherman Oaks, CA san fernando valley )",3295.0
90,2021-10-09 13:10,"<a class=""result-title hdrlnk"" data-id=""7381620989"" href=""https://losangeles.craigslist.org/wst/vac/d/caspar-autumn-weekly-camprv-resort/7381620989.html"" id=""postid_7381620989"">Autumn weekly camp@RV Resort &amp;TENTW/Indoor pool!MENDOCINO COAST!</a>",https://losangeles.craigslist.org/wst/vac/d/caspar-autumn-weekly-camprv-resort/7381620989.html," (Fort Bragg, Mendocino, Casper, Little River, Albion westside-southbay-310 )",677.0
91,2021-10-09 13:09,"<a class=""result-title hdrlnk"" data-id=""7390888130"" href=""https://losangeles.craigslist.org/wst/apa/d/playa-vista-expansive-windows-walk-in/7390888130.html"" id=""postid_7390888130"">Expansive windows, Walk-in closets, In-home washer and dryer</a>",https://losangeles.craigslist.org/wst/apa/d/playa-vista-expansive-windows-walk-in/7390888130.html," (12750 W Millennium, Los Angeles, CA westside-southbay-310 )",4089.0
92,2021-10-09 13:09,"<a class=""result-title hdrlnk"" data-id=""7390970058"" href=""https://losangeles.craigslist.org/lac/roo/d/los-angeles-ready-nowbedroom-near/7390970058.html"" id=""postid_7390970058"">(READY NOW!)Bedroom Near Silver Lake and Dowtown LA(BILLS INCLUDED)</a>",https://losangeles.craigslist.org/lac/roo/d/los-angeles-ready-nowbedroom-near/7390970058.html, (Echo Park central LA 213/323 ),1050.0
93,2021-10-09 13:09,"<a class=""result-title hdrlnk"" data-id=""7391902597"" href=""https://losangeles.craigslist.org/lac/apa/d/los-angeles-weight-room-nest/7391902597.html"" id=""postid_7391902597"">Weight room, NEST thermostats, Gas Barbecues, Onsite retail, Cabanas</a>",https://losangeles.craigslist.org/lac/apa/d/los-angeles-weight-room-nest/7391902597.html, (427 W 5th Street central LA 213/323 ),3865.0
94,2021-10-09 13:09,"<a class=""result-title hdrlnk"" data-id=""7391902579"" href=""https://losangeles.craigslist.org/sfv/apa/d/canyon-country-beautiful-landscaping/7391902579.html"" id=""postid_7391902579"">Beautiful Landscaping, Unassigned Open Parking, On-site Maintenance</a>",https://losangeles.craigslist.org/sfv/apa/d/canyon-country-beautiful-landscaping/7391902579.html," (27940 Solamint Rd., Canyon Country, CA san fernando valley )",2475.0
95,2021-10-09 13:09,"<a class=""result-title hdrlnk"" data-id=""7384720282"" href=""https://losangeles.craigslist.org/wst/roo/d/los-angeles-modern-master-bedroom-suite/7384720282.html"" id=""postid_7384720282"">MODERN MASTER BEDROOM SUITE for PROFESSIONALS</a>",https://losangeles.craigslist.org/wst/roo/d/los-angeles-modern-master-bedroom-suite/7384720282.html, (West Los Angeles westside-southbay-310 ),1200.0
96,2021-10-09 13:09,"<a class=""result-title hdrlnk"" data-id=""7390803928"" href=""https://losangeles.craigslist.org/sfv/apa/d/diamond-bar-diamond-bar-bed-bath/7390803928.html"" id=""postid_7390803928"">DIAMOND BAR 2 BED 2 BATH APARTMENT</a>",https://losangeles.craigslist.org/sfv/apa/d/diamond-bar-diamond-bar-bed-bath/7390803928.html, (Diamond Bar san fernando valley ),1650.0
97,2021-10-09 13:09,"<a class=""result-title hdrlnk"" data-id=""7391898166"" href=""https://losangeles.craigslist.org/lac/apa/d/special-promotion-3bed-2bath-minutes/7391898166.html"" id=""postid_7391898166"">SPECIAL PROMOTION, 3bed/2bath - minutes from downtown Glendale!</a>",https://losangeles.craigslist.org/lac/apa/d/special-promotion-3bed-2bath-minutes/7391898166.html, (GLENDALE central LA 213/323 ),2535.0
98,2021-10-09 13:09,"<a class=""result-title hdrlnk"" data-id=""7391902471"" href=""https://losangeles.craigslist.org/lac/apa/d/los-angeles-wireless-internet-access/7391902471.html"" id=""postid_7391902471"">Wireless internet access, Printer and fax, Floral and food delivery</a>",https://losangeles.craigslist.org/lac/apa/d/los-angeles-wireless-internet-access/7391902471.html, ( central LA 213/323 ),2880.0
99,2021-10-09 13:09,"<a class=""result-title hdrlnk"" data-id=""7391892694"" href=""https://losangeles.craigslist.org/lac/apa/d/south-gate-brand-new-luxury-bed-bath/7391892694.html"" id=""postid_7391892694"">BRAND NEW!! Luxury 2 Bed 2 Bath! One Month FREE! Near 605 Fwy!</a>",https://losangeles.craigslist.org/lac/apa/d/south-gate-brand-new-luxury-bed-bath/7391892694.html, (South Gate central LA 213/323 ),2844.0
100,2021-10-09 13:09,"<a class=""result-title hdrlnk"" data-id=""7391902283"" href=""https://losangeles.craigslist.org/lac/apa/d/los-angeles-pet-friendly-roof-top/7391902283.html"" id=""postid_7391902283"">Pet Friendly, Roof Top Amenities, Renovated One Bedroom</a>",https://losangeles.craigslist.org/lac/apa/d/los-angeles-pet-friendly-roof-top/7391902283.html, ( central LA 213/323 ),2388.0
101,2021-10-09 13:09,"<a class=""result-title hdrlnk"" data-id=""7391870965"" href=""https://losangeles.craigslist.org/lac/apa/d/los-angeles-open-layout-and-amazing/7391870965.html"" id=""postid_7391870965"">Open Layout and Amazing Views! Tour Today! 4 weeks free!</a>",https://losangeles.craigslist.org/lac/apa/d/los-angeles-open-layout-and-amazing/7391870965.html," (Downtown LA, Los Angeles, Koreatown, MacArthur Park central LA 213/323 )",2579.0
102,2021-10-09 13:08,"<a class=""result-title hdrlnk"" data-id=""7387451617"" href=""https://losangeles.craigslist.org/sfv/roo/d/woodland-hills-room-for-rent-woodland/7387451617.html"" id=""postid_7387451617"">Room for Rent Woodland Hills South of the Boulevard</a>",https://losangeles.craigslist.org/sfv/roo/d/woodland-hills-room-for-rent-woodland/7387451617.html, (Woodland Hills san fernando valley ),950.0
103,2021-10-09 13:08,"<a class=""result-title hdrlnk"" data-id=""7388146477"" href=""https://losangeles.craigslist.org/lac/reb/d/los-angeles-modern-spanish-move-in/7388146477.html"" id=""postid_7388146477"">Modern Spanish. Move-In Ready. 2 Car Detached Garage.</a>",https://losangeles.craigslist.org/lac/reb/d/los-angeles-modern-spanish-move-in/7388146477.html, ( central LA 213/323 ),0.0
104,2021-10-09 13:08,"<a class=""result-title hdrlnk"" data-id=""7381913480"" href=""https://losangeles.craigslist.org/wst/vac/d/beverly-hills-beautiful-luxury-home-in/7381913480.html"" id=""postid_7381913480"">Beautiful Luxury Home in Beverley Hills Flats for Rent $400 per night</a>",https://losangeles.craigslist.org/wst/vac/d/beverly-hills-beautiful-luxury-home-in/7381913480.html, (Beverley Hills Flats westside-southbay-310 ),400.0
105,2021-10-09 13:08,"<a class=""result-title hdrlnk"" data-id=""7390794184"" href=""https://losangeles.craigslist.org/sgv/apa/d/arcadia-incredible-modern-and-spacious/7390794184.html"" id=""postid_7390794184"">INCREDIBLE MODERN AND SPACIOUS ONE BED  ONE BATH</a>",https://losangeles.craigslist.org/sgv/apa/d/arcadia-incredible-modern-and-spacious/7390794184.html, (Arcadia san gabriel valley ),1500.0
106,2021-10-09 13:08,"<a class=""result-title hdrlnk"" data-id=""7391896176"" href=""https://losangeles.craigslist.org/lac/apa/d/canyon-country-dishwasher-two/7391896176.html"" id=""postid_7391896176"">Dishwasher, Two Refreshing Swimming Pools, Cable Ready</a>",https://losangeles.craigslist.org/lac/apa/d/canyon-country-dishwasher-two/7391896176.html, ( central LA 213/323 ),3410.0
107,2021-10-09 13:08,"<a class=""result-title hdrlnk"" data-id=""7391901765"" href=""https://losangeles.craigslist.org/sgv/apa/d/pomona-excellent-customer-service/7391901765.html"" id=""postid_7391901765"">Excellent customer service delivered with a comfortable lifestyle</a>",https://losangeles.craigslist.org/sgv/apa/d/pomona-excellent-customer-service/7391901765.html, (Pomona san gabriel valley ),2430.0
108,2021-10-09 13:08,"<a class=""result-title hdrlnk"" data-id=""7391887191"" href=""https://losangeles.craigslist.org/wst/prk/d/harbor-city-hot-deals-on-units-us/7391887191.html"" id=""postid_7391887191"">~HOT DEALS ON UNITS~ US Storage Centers - 253rd</a>",https://losangeles.craigslist.org/wst/prk/d/harbor-city-hot-deals-on-units-us/7391887191.html, (Harbor City westside-southbay-310 ),0.0
109,2021-10-09 13:08,"<a class=""result-title hdrlnk"" data-id=""7383057685"" href=""https://losangeles.craigslist.org/sfv/apa/d/northridge-fitness-center-month-free/7383057685.html"" id=""postid_7383057685"">Fitness Center, 1 month free All Utilities Included</a>",https://losangeles.craigslist.org/sfv/apa/d/northridge-fitness-center-month-free/7383057685.html, ( san fernando valley ),1199.0
110,2021-10-09 13:07,"<a class=""result-title hdrlnk"" data-id=""7391893782"" href=""https://losangeles.craigslist.org/sgv/apa/d/el-monte-the-holidays-are-coming-soon/7391893782.html"" id=""postid_7391893782"">The Holidays Are Coming Soon, And So Are These Amazing Apartments!</a>",https://losangeles.craigslist.org/sgv/apa/d/el-monte-the-holidays-are-coming-soon/7391893782.html, (3733 Gibson Road san gabriel valley ),1950.0
111,2021-10-09 13:07,"<a class=""result-title hdrlnk"" data-id=""7378609132"" href=""https://losangeles.craigslist.org/sgv/apa/d/monrovia-highway-access-on-site-retail/7378609132.html"" id=""postid_7378609132"">Highway Access, On-site Retail, Package Acceptance</a>",https://losangeles.craigslist.org/sgv/apa/d/monrovia-highway-access-on-site-retail/7378609132.html, ( san gabriel valley ),3115.0
112,2021-10-09 13:06,"<a class=""result-title hdrlnk"" data-id=""7391900942"" href=""https://losangeles.craigslist.org/sgv/sha/d/looking-for-room-to-rent/7391900942.html"" id=""postid_7391900942"">Looking for room to rent</a>",https://losangeles.craigslist.org/sgv/sha/d/looking-for-room-to-rent/7391900942.html, (West Covina san gabriel valley ),
113,2021-10-09 13:06,"<a class=""result-title hdrlnk"" data-id=""7391900475"" href=""https://losangeles.craigslist.org/wst/apa/d/san-pedro-435-be-the-first-to-live-here/7391900475.html"" id=""postid_7391900475"">#435 Be the First to Live Here, Package Lockers, Quartz Countertops</a>",https://losangeles.craigslist.org/wst/apa/d/san-pedro-435-be-the-first-to-live-here/7391900475.html, (San Pedro westside-southbay-310 ),4090.0
114,2021-10-09 13:05,"<a class=""result-title hdrlnk"" data-id=""7390894421"" href=""https://losangeles.craigslist.org/lac/apa/d/los-angeles-francis-aptsgorgeous/7390894421.html"" id=""postid_7390894421"">Francis Apts.Gorgeous Remodeled 2 Bedroom.OPEN HOUSE SUNDAY 9AM-11AM!</a>",https://losangeles.craigslist.org/lac/apa/d/los-angeles-francis-aptsgorgeous/7390894421.html, (Mid-Wilshire and Koreatown central LA 213/323 ),2295.0
115,2021-10-09 13:05,"<a class=""result-title hdrlnk"" data-id=""7380329645"" href=""https://losangeles.craigslist.org/lac/apa/d/los-angeles-friendly-and-great-staff/7380329645.html"" id=""postid_7380329645"">Friendly and Great Staff, Business Center, Clubhouse</a>",https://losangeles.craigslist.org/lac/apa/d/los-angeles-friendly-and-great-staff/7380329645.html," (722 Bixel St., Los Angeles, CA central LA 213/323 )",2220.0
116,2021-10-09 13:05,"<a class=""result-title hdrlnk"" data-id=""7388166883"" href=""https://losangeles.craigslist.org/lac/apa/d/los-angeles-dishwasher-dressing/7388166883.html"" id=""postid_7388166883"">Dishwasher, Dressing Vanities , Soaking Baths</a>",https://losangeles.craigslist.org/lac/apa/d/los-angeles-dishwasher-dressing/7388166883.html," (1026 S Broadway, Los Angeles, CA central LA 213/323 )",2755.0
117,2021-10-09 13:05,"<a class=""result-title hdrlnk"" data-id=""7390924115"" href=""https://losangeles.craigslist.org/lac/apa/d/los-angeles-ingram-apartmentsnewly/7390924115.html"" id=""postid_7390924115"">Ingram Apartments..Newly Remodeled Gorgeous Bachelor..Great Location!</a>",https://losangeles.craigslist.org/lac/apa/d/los-angeles-ingram-apartmentsnewly/7390924115.html, (Westlake central LA 213/323 ),1175.0
118,2021-10-09 13:05,"<a class=""result-title hdrlnk"" data-id=""7391900155"" href=""https://losangeles.craigslist.org/lac/apa/d/los-angeles-francis-apartmentsgorgeous/7391900155.html"" id=""postid_7391900155"">Francis Apartments...Gorgeous Remodeled 2 Bedroom..Great Location!</a>",https://losangeles.craigslist.org/lac/apa/d/los-angeles-francis-apartmentsgorgeous/7391900155.html, (Mid-Wilshire and Koreatown central LA 213/323 ),2295.0
119,2021-10-09 13:05,"<a class=""result-title hdrlnk"" data-id=""7391893152"" href=""https://losangeles.craigslist.org/sfv/apa/d/valley-village-your-new-home-is-ready/7391893152.html"" id=""postid_7391893152"">Your new home is ready for move in! - 13 Month Lease</a>",https://losangeles.craigslist.org/sfv/apa/d/valley-village-your-new-home-is-ready/7391893152.html, (Valley Village san fernando valley ),3605.0
